{"cameraMode":{"drawMode":0,"name":"Shaded","section":"Shading Mode"},"sceneLighting":true,"audioPlay":false,"sceneViewState":{"m_AlwaysRefresh":false,"showFog":true,"showSkybox":true,"showFlares":true,"showImageEffects":true,"showParticleSystems":true,"showVisualEffectGraphs":true,"m_FxEnabled":true},"in2DMode":false,"pivot":{"x":7.784511089324951,"y":0.7933353781700134,"z":-6.213562488555908},"rotation":{"x":0.029074709862470628,"y":0.9428815841674805,"z":-0.08537653088569641,"w":0.32077765464782717},"size":1.2027077674865723,"orthographic":false}