{"cameraMode":{"drawMode":0,"name":"Shaded","section":"Shading Mode"},"sceneLighting":true,"audioPlay":false,"sceneViewState":{"m_AlwaysRefresh":false,"showFog":true,"showSkybox":true,"showFlares":true,"showImageEffects":true,"showParticleSystems":true,"showVisualEffectGraphs":true,"m_FxEnabled":true},"in2DMode":false,"pivot":{"x":0.32429373264312746,"y":-0.39597463607788088,"z":-1.3109936714172364},"rotation":{"x":-0.22631585597991944,"y":-0.01110654417425394,"z":0.0025810524821281435,"w":-0.9739847183227539},"size":7.072712421417236,"orthographic":false}