{"cameraMode":{"drawMode":0,"name":"Shaded","section":"Shading Mode"},"sceneLighting":true,"audioPlay":false,"sceneViewState":{"m_AlwaysRefresh":false,"showFog":true,"showSkybox":true,"showFlares":true,"showImageEffects":true,"showParticleSystems":true,"showVisualEffectGraphs":true,"m_FxEnabled":true},"in2DMode":false,"pivot":{"x":-10.301861763000489,"y":-0.021332740783691407,"z":6.67704439163208},"rotation":{"x":-0.08799604326486588,"y":0.4531484544277191,"z":-0.04500840976834297,"w":-0.8859404921531677},"size":7.021513938903809,"orthographic":false}