{"cameraMode":{"drawMode":0,"name":"Shaded","section":"Shading Mode"},"sceneLighting":false,"audioPlay":false,"sceneViewState":{"m_AlwaysRefresh":false,"showFog":true,"showSkybox":false,"showFlares":true,"showImageEffects":true,"showParticleSystems":true,"showVisualEffectGraphs":true,"m_FxEnabled":true},"in2DMode":false,"pivot":{"x":403.6814880371094,"y":234.672607421875,"z":-13.163169860839844},"rotation":{"x":-0.06294803321361542,"y":0.02155802585184574,"z":0.0013437465531751514,"w":0.9978199601173401},"size":40.87961196899414,"orthographic":false}